pos	chr	genomicPos	ref_id	strand	ref_kmer	GMM_logit_pvalue	GMM_logit_pvalue_context_1	KS_dwell_pvalue	KS_dwell_pvalue_context_1	KS_intensity_pvalue	KS_intensity_pvalue_context_1	GMM_cov_type	GMM_n_clust	cluster_counts	Logit_LOR
0	NA	NA	FLuc_Control_Plasmid:88-1805	NA	TGAGG	7.97534610442151e-05	1.1576835925759307e-11	0.001999147182934781	0.0013221200316077845	0.0012927787013339157	3.669194238302696e-23	full	2	unmod_1:62/25__mod_1:21/36	-1.4049136476559594
1	NA	NA	FLuc_Control_Plasmid:88-1805	NA	GAGGA	8.364672817557086e-10	1.1576835925759307e-11	0.9993002932208161	4.045356633947795e-05	1.115453766591637e-11	2.7780488212942836e-27	full	2	unmod_1:68/19__mod_1:15/49	-2.3778085142316336
2	NA	NA	FLuc_Control_Plasmid:88-1805	NA	AGGAC	nan	nan	0.15566644239495395	1.1997411951543796e-10	0.007951555475701632	6.917534478313369e-46	full	1	NC	NC
3	NA	NA	FLuc_Control_Plasmid:88-1805	NA	GGACT	3.5089068417460746e-11	1.7737435697800333e-09	5.948338571487161e-06	4.227547184949618e-11	1.9342630260964138e-12	5.392630018966611e-47	full	2	unmod_1:66/21__mod_1:12/60	-2.6595746727444234
4	NA	NA	FLuc_Control_Plasmid:88-1805	NA	GACTG	nan	nan	0.5869597216754743	7.239249846777984e-13	3.810763098149946e-12	2.7565859971145793e-53	full	1	NC	NC
5	NA	NA	FLuc_Control_Plasmid:88-1805	NA	ACTGT	nan	nan	0.028064574333719415	0.000572588795712875	6.134694918100377e-06	8.501720425159026e-33	full	1	NC	NC
6	NA	NA	FLuc_Control_Plasmid:88-1805	NA	CTGTA	nan	nan	0.09052240413005984	0.0013221200316077845	0.010765151047142681	2.9919625848436544e-10	full	1	NC	NC
