red_if	pos	c1_mean_intensity	c2_mean_intensity	c1_median_intensity	c2_median_intensity	c1_sd_intensity	c2_sd_intensity	c1_mean_dwell	c2_mean_dwell	c1_median_dwell	c2_median_dwell	c1_sd_dwell	c2_sd_dwell
FLuc_Control_Plasmid:88-1805	0	116.42167543110095	113.7423674484779	116.4489974975586	112.91699981689453	7.1589462104636405	3.538336932296516	0.01958684210526316	0.05542931034482756	0.00797	0.03153	0.021456303384786053	0.07009088459259627
FLuc_Control_Plasmid:88-1805	1	121.51658833026886	109.6775543388279	125.15450286865234	106.66200256347656	9.493480007210744	7.857129428904024	0.00915578125	0.012294482758620695	0.00432	0.00365	0.011314841443416183	0.02392124692856789
FLuc_Control_Plasmid:88-1805	2	116.727154675652	115.30282154302488	116.61124801635742	115.53399658203125	2.6555637356969326	2.6492430261201187	0.02217426470588235	0.043674827586206895	0.017095	0.02258	0.017750610123414355	0.08832175157899536
FLuc_Control_Plasmid:88-1805	3	121.38941680060492	125.79896536640737	121.34099960327148	126.97000122070312	2.5015022346712863	4.313774865835715	0.038164722222222225	0.016080804597701153	0.022565	0.00863	0.04320326212517028	0.02911532042174134
FLuc_Control_Plasmid:88-1805	4	85.84241098900364	89.12079234605424	85.76074981689453	89.73739624023438	2.311125924696281	2.399754955623851	0.010855616438356164	0.010105505617977528	0.00863	0.0083	0.008135106904400898	0.00978105150607925
FLuc_Control_Plasmid:88-1805	5	85.24261777694912	86.62687163300566	84.733154296875	86.88960266113281	2.1951500551105707	2.0373547003234744	0.017044520547945204	0.012028901098901097	0.01228	0.0073	0.022023780176510944	0.021115405523947865
FLuc_Control_Plasmid:88-1805	6	102.67262111298025	103.29231748476133	102.45600128173828	103.8385009765625	3.4386227403078538	3.2294737918710523	0.011204520547945204	0.018555274725274722	0.0083	0.01129	0.011820659653045571	0.024144868739816906
