pos	chr	genomicPos	ref_id	strand	ref_kmer	GMM_logit_pvalue	KS_dwell_pvalue	KS_intensity_pvalue	GMM_cov_type	GMM_n_clust	cluster_counts	Logit_LOR
0	NA	NA	FLuc_Control_Plasmid:88-1805	NA	TGAGG	7.97534610442151e-05	0.001999147182934781	0.0012927787013339157	full	2	unmod_1:62/25__mod_1:21/36	-1.4049136476559594
1	NA	NA	FLuc_Control_Plasmid:88-1805	NA	GAGGA	8.364672817557086e-10	0.9993002932208161	1.115453766591637e-11	full	2	unmod_1:68/19__mod_1:15/49	-2.3778085142316336
2	NA	NA	FLuc_Control_Plasmid:88-1805	NA	AGGAC	nan	0.15566644239495395	0.007951555475701632	full	1	NC	NC
3	NA	NA	FLuc_Control_Plasmid:88-1805	NA	GGACT	3.5089068417460746e-11	5.948338571487161e-06	1.9342630260964138e-12	full	2	unmod_1:66/21__mod_1:12/60	-2.6595746727444234
4	NA	NA	FLuc_Control_Plasmid:88-1805	NA	GACTG	nan	0.5869597216754743	3.810763098149946e-12	full	1	NC	NC
5	NA	NA	FLuc_Control_Plasmid:88-1805	NA	ACTGT	nan	0.028064574333719415	6.134694918100377e-06	full	1	NC	NC
6	NA	NA	FLuc_Control_Plasmid:88-1805	NA	CTGTA	nan	0.09052240413005984	0.010765151047142681	full	1	NC	NC
